<?xml version="1.0"?>

<!DOCTYPE hibernate-mapping PUBLIC
		"-//Hibernate/Hibernate Mapping DTD 3.0//EN"
		"http://hibernate.sourceforge.net/hibernate-mapping-3.0.dtd">

<hibernate-mapping default-access="field" default-lazy="false" default-cascade="save-update">
	<class name="f1.collection.array.Pilot">
		<id column="typed_id" type="long">
			<generator class="native"/>
		</id>

		<property name="name"/>

		<array name="cars" table="cars">
			<key column="pilotId"/>
			<list-index column="sortOrder"/>
			<one-to-many class="f1.collection.Car"/>
		</array>
	</class>
</hibernate-mapping>
